"start","stop","mid","SWE_td","ESP_td","SWE_pi","ESP_pi","SWE_ESP_fst","SWE_ESP_dxy","outlier_95","outlier_99"
3947751,3947851,3947801,-0.00247639375074661,-0.00747967516490178,0.00633945918156444,0.0028703359229675,0.761179946185405,0.0192818713450292,"Outlier","Outlier"
3947801,3947901,3947851,-0.00247639375074661,-0.00747967516490178,0.00633945918156444,0.0028703359229675,0.761179946185405,0.0192818713450292,"Outlier","Outlier"
3947851,3947951,3947901,-0.00306583421861342,-0.0027123074713218,0.00184615384615385,0.00193456614509246,0.76827845214942,0.00815789473684211,"Outlier","Outlier"
3947901,3948001,3947951,-0.00306583421861342,-0.0027123074713218,0.00184615384615385,0.00193456614509246,0.76827845214942,0.00815789473684211,"Outlier","Outlier"
