"start","stop","mid","SWE_td","ESP_td","SWE_pi","ESP_pi","SWE_ESP_fst","SWE_ESP_dxy","outlier_95","outlier_99"
7626501,7626601,7626551,-0.00813383875332295,-0.0026187013872543,0.00107936507936508,0.00193456614509246,0.841420849420849,0.00950292397660819,"Outlier","Outlier"
7626551,7626651,7626601,NA,-0.0027123074713218,0,0.00193456614509246,0.891891891891892,0.00894736842105263,"Outlier","Outlier"
9181951,9182051,9182001,NA,0.00272096411448827,0,0.00285714285714286,0.828571428571429,0.00833333333333333,"Outlier","Outlier"
9182801,9182901,9182851,NA,0.00698535095541411,0,0.00355555555555556,0.771428571428571,0.00777777777777778,"Outlier","Outlier"
10382601,10382701,10382651,-0.00768001497029298,0.00171168761856983,0.00282051282051282,0.00512820512820513,0.762014432673115,0.0167,"Outlier","Outlier"
